"OriginalPath","MovedTo","Timestamp"
"C:\Users\chell\Documents\Sallie_Sovereign\_staging\conflicts\readme_move_log.csv","C:\Users\chell\Documents\Sallie_Sovereign\_staging\conflicts\package\readme_move_log.csv","8/31/2025 11:39:12 PM"
"C:\Users\chell\Documents\Sallie_Sovereign\_staging\conflicts\package\readme_move_log.csv","C:\Users\chell\Documents\Sallie_Sovereign\_staging\conflicts\package\package_readme_move_log.csv","8/31/2025 11:39:12 PM"
"C:\Users\chell\Documents\Sallie_Sovereign\_staging\conflicts\readme\readme_readme_move_log.csv","C:\Users\chell\Documents\Sallie_Sovereign\_staging\conflicts\package\readme_readme_readme_move_log.csv","8/31/2025 11:39:12 PM"
"C:\Users\chell\Documents\Sallie_Sovereign\_staging\conflicts\readme\readme_readme_README.1.diff.txt","C:\Users\chell\Documents\Sallie_Sovereign\_staging\conflicts\package\readme_readme_readme_README.1.diff.txt","8/31/2025 11:39:12 PM"
"C:\Users\chell\Documents\Sallie_Sovereign\_staging\conflicts\readme\readme_readme_README.2.diff.txt","C:\Users\chell\Documents\Sallie_Sovereign\_staging\conflicts\package\readme_readme_readme_README.2.diff.txt","8/31/2025 11:39:12 PM"
"C:\Users\chell\Documents\Sallie_Sovereign\_staging\conflicts\readme\readme_readme_README.dev.md.1.diff.txt","C:\Users\chell\Documents\Sallie_Sovereign\_staging\conflicts\package\readme_readme_readme_README.dev.md.1.diff.txt","8/31/2025 11:39:12 PM"
"C:\Users\chell\Documents\Sallie_Sovereign\_staging\conflicts\readme\readme_readme_README.dev.md.2.diff.txt","C:\Users\chell\Documents\Sallie_Sovereign\_staging\conflicts\package\readme_readme_readme_README.dev.md.2.diff.txt","8/31/2025 11:39:12 PM"
"C:\Users\chell\Documents\Sallie_Sovereign\_staging\conflicts\readme\readme_readme_readme.markdown.1.diff.txt","C:\Users\chell\Documents\Sallie_Sovereign\_staging\conflicts\package\readme_readme_readme_readme.markdown.1.diff.txt","8/31/2025 11:39:12 PM"
"C:\Users\chell\Documents\Sallie_Sovereign\_staging\conflicts\readme\readme_readme_readme.markdown.2.diff.txt","C:\Users\chell\Documents\Sallie_Sovereign\_staging\conflicts\package\readme_readme_readme_readme.markdown.2.diff.txt","8/31/2025 11:39:12 PM"
"C:\Users\chell\Documents\Sallie_Sovereign\_staging\conflicts\readme\readme_readme_readme.markdown.3.diff.txt","C:\Users\chell\Documents\Sallie_Sovereign\_staging\conflicts\package\readme_readme_readme_readme.markdown.3.diff.txt","8/31/2025 11:39:12 PM"
"C:\Users\chell\Documents\Sallie_Sovereign\_staging\conflicts\readme\readme_readme_readme.md.1.diff.txt","C:\Users\chell\Documents\Sallie_Sovereign\_staging\conflicts\package\readme_readme_readme_readme.md.1.diff.txt","8/31/2025 11:39:12 PM"
"C:\Users\chell\Documents\Sallie_Sovereign\_staging\conflicts\readme\readme_readme_readme.md.10.diff.txt","C:\Users\chell\Documents\Sallie_Sovereign\_staging\conflicts\package\readme_readme_readme_readme.md.10.diff.txt","8/31/2025 11:39:12 PM"
"C:\Users\chell\Documents\Sallie_Sovereign\_staging\conflicts\readme\readme_readme_readme.md.100.diff.txt","C:\Users\chell\Documents\Sallie_Sovereign\_staging\conflicts\package\readme_readme_readme_readme.md.100.diff.txt","8/31/2025 11:39:12 PM"
"C:\Users\chell\Documents\Sallie_Sovereign\_staging\conflicts\readme\readme_readme_readme.md.101.diff.txt","C:\Users\chell\Documents\Sallie_Sovereign\_staging\conflicts\package\readme_readme_readme_readme.md.101.diff.txt","8/31/2025 11:39:12 PM"
"C:\Users\chell\Documents\Sallie_Sovereign\_staging\conflicts\readme\readme_readme_readme.md.102.diff.txt","C:\Users\chell\Documents\Sallie_Sovereign\_staging\conflicts\package\readme_readme_readme_readme.md.102.diff.txt","8/31/2025 11:39:12 PM"
"C:\Users\chell\Documents\Sallie_Sovereign\_staging\conflicts\readme\readme_readme_readme.md.103.diff.txt","C:\Users\chell\Documents\Sallie_Sovereign\_staging\conflicts\package\readme_readme_readme_readme.md.103.diff.txt","8/31/2025 11:39:12 PM"
"C:\Users\chell\Documents\Sallie_Sovereign\_staging\conflicts\readme\readme_readme_readme.md.104.diff.txt","C:\Users\chell\Documents\Sallie_Sovereign\_staging\conflicts\package\readme_readme_readme_readme.md.104.diff.txt","8/31/2025 11:39:12 PM"
"C:\Users\chell\Documents\Sallie_Sovereign\_staging\conflicts\readme\readme_readme_readme.md.105.diff.txt","C:\Users\chell\Documents\Sallie_Sovereign\_staging\conflicts\package\readme_readme_readme_readme.md.105.diff.txt","8/31/2025 11:39:12 PM"
"C:\Users\chell\Documents\Sallie_Sovereign\_staging\conflicts\readme\readme_readme_readme.md.106.diff.txt","C:\Users\chell\Documents\Sallie_Sovereign\_staging\conflicts\package\readme_readme_readme_readme.md.106.diff.txt","8/31/2025 11:39:12 PM"
"C:\Users\chell\Documents\Sallie_Sovereign\_staging\conflicts\readme\readme_readme_readme.md.107.diff.txt","C:\Users\chell\Documents\Sallie_Sovereign\_staging\conflicts\package\readme_readme_readme_readme.md.107.diff.txt","8/31/2025 11:39:12 PM"
"C:\Users\chell\Documents\Sallie_Sovereign\_staging\conflicts\readme\readme_readme_readme.md.108.diff.txt","C:\Users\chell\Documents\Sallie_Sovereign\_staging\conflicts\package\readme_readme_readme_readme.md.108.diff.txt","8/31/2025 11:39:12 PM"
"C:\Users\chell\Documents\Sallie_Sovereign\_staging\conflicts\readme\readme_readme_readme.md.109.diff.txt","C:\Users\chell\Documents\Sallie_Sovereign\_staging\conflicts\package\readme_readme_readme_readme.md.109.diff.txt","8/31/2025 11:39:12 PM"
"C:\Users\chell\Documents\Sallie_Sovereign\_staging\conflicts\readme\readme_readme_readme.md.11.diff.txt","C:\Users\chell\Documents\Sallie_Sovereign\_staging\conflicts\package\readme_readme_readme_readme.md.11.diff.txt","8/31/2025 11:39:12 PM"
"C:\Users\chell\Documents\Sallie_Sovereign\_staging\conflicts\readme\readme_readme_readme.md.110.diff.txt","C:\Users\chell\Documents\Sallie_Sovereign\_staging\conflicts\package\readme_readme_readme_readme.md.110.diff.txt","8/31/2025 11:39:12 PM"
"C:\Users\chell\Documents\Sallie_Sovereign\_staging\conflicts\readme\readme_readme_readme.md.111.diff.txt","C:\Users\chell\Documents\Sallie_Sovereign\_staging\conflicts\package\readme_readme_readme_readme.md.111.diff.txt","8/31/2025 11:39:12 PM"
"C:\Users\chell\Documents\Sallie_Sovereign\_staging\conflicts\readme\readme_readme_readme.md.112.diff.txt","C:\Users\chell\Documents\Sallie_Sovereign\_staging\conflicts\package\readme_readme_readme_readme.md.112.diff.txt","8/31/2025 11:39:12 PM"
"C:\Users\chell\Documents\Sallie_Sovereign\_staging\conflicts\readme\readme_readme_readme.md.113.diff.txt","C:\Users\chell\Documents\Sallie_Sovereign\_staging\conflicts\package\readme_readme_readme_readme.md.113.diff.txt","8/31/2025 11:39:12 PM"
"C:\Users\chell\Documents\Sallie_Sovereign\_staging\conflicts\readme\readme_readme_readme.md.114.diff.txt","C:\Users\chell\Documents\Sallie_Sovereign\_staging\conflicts\package\readme_readme_readme_readme.md.114.diff.txt","8/31/2025 11:39:12 PM"
"C:\Users\chell\Documents\Sallie_Sovereign\_staging\conflicts\readme\readme_readme_readme.md.115.diff.txt","C:\Users\chell\Documents\Sallie_Sovereign\_staging\conflicts\package\readme_readme_readme_readme.md.115.diff.txt","8/31/2025 11:39:12 PM"
"C:\Users\chell\Documents\Sallie_Sovereign\_staging\conflicts\readme\readme_readme_readme.md.116.diff.txt","C:\Users\chell\Documents\Sallie_Sovereign\_staging\conflicts\package\readme_readme_readme_readme.md.116.diff.txt","8/31/2025 11:39:12 PM"
"C:\Users\chell\Documents\Sallie_Sovereign\_staging\conflicts\readme\readme_readme_readme.md.117.diff.txt","C:\Users\chell\Documents\Sallie_Sovereign\_staging\conflicts\package\readme_readme_readme_readme.md.117.diff.txt","8/31/2025 11:39:12 PM"
"C:\Users\chell\Documents\Sallie_Sovereign\_staging\conflicts\readme\readme_readme_readme.md.118.diff.txt","C:\Users\chell\Documents\Sallie_Sovereign\_staging\conflicts\package\readme_readme_readme_readme.md.118.diff.txt","8/31/2025 11:39:12 PM"
"C:\Users\chell\Documents\Sallie_Sovereign\_staging\conflicts\readme\readme_readme_readme.md.119.diff.txt","C:\Users\chell\Documents\Sallie_Sovereign\_staging\conflicts\package\readme_readme_readme_readme.md.119.diff.txt","8/31/2025 11:39:12 PM"
"C:\Users\chell\Documents\Sallie_Sovereign\_staging\conflicts\readme\readme_readme_readme.md.12.diff.txt","C:\Users\chell\Documents\Sallie_Sovereign\_staging\conflicts\package\readme_readme_readme_readme.md.12.diff.txt","8/31/2025 11:39:12 PM"
"C:\Users\chell\Documents\Sallie_Sovereign\_staging\conflicts\readme\readme_readme_readme.md.120.diff.txt","C:\Users\chell\Documents\Sallie_Sovereign\_staging\conflicts\package\readme_readme_readme_readme.md.120.diff.txt","8/31/2025 11:39:12 PM"
"C:\Users\chell\Documents\Sallie_Sovereign\_staging\conflicts\readme\readme_readme_readme.md.121.diff.txt","C:\Users\chell\Documents\Sallie_Sovereign\_staging\conflicts\package\readme_readme_readme_readme.md.121.diff.txt","8/31/2025 11:39:12 PM"
"C:\Users\chell\Documents\Sallie_Sovereign\_staging\conflicts\readme\readme_readme_readme.md.122.diff.txt","C:\Users\chell\Documents\Sallie_Sovereign\_staging\conflicts\package\readme_readme_readme_readme.md.122.diff.txt","8/31/2025 11:39:12 PM"
"C:\Users\chell\Documents\Sallie_Sovereign\_staging\conflicts\readme\readme_readme_readme.md.123.diff.txt","C:\Users\chell\Documents\Sallie_Sovereign\_staging\conflicts\package\readme_readme_readme_readme.md.123.diff.txt","8/31/2025 11:39:12 PM"
"C:\Users\chell\Documents\Sallie_Sovereign\_staging\conflicts\readme\readme_readme_readme.md.124.diff.txt","C:\Users\chell\Documents\Sallie_Sovereign\_staging\conflicts\package\readme_readme_readme_readme.md.124.diff.txt","8/31/2025 11:39:12 PM"
"C:\Users\chell\Documents\Sallie_Sovereign\_staging\conflicts\readme\readme_readme_readme.md.125.diff.txt","C:\Users\chell\Documents\Sallie_Sovereign\_staging\conflicts\package\readme_readme_readme_readme.md.125.diff.txt","8/31/2025 11:39:12 PM"
"C:\Users\chell\Documents\Sallie_Sovereign\_staging\conflicts\readme\readme_readme_readme.md.126.diff.txt","C:\Users\chell\Documents\Sallie_Sovereign\_staging\conflicts\package\readme_readme_readme_readme.md.126.diff.txt","8/31/2025 11:39:12 PM"
"C:\Users\chell\Documents\Sallie_Sovereign\_staging\conflicts\readme\readme_readme_readme.md.127.diff.txt","C:\Users\chell\Documents\Sallie_Sovereign\_staging\conflicts\package\readme_readme_readme_readme.md.127.diff.txt","8/31/2025 11:39:12 PM"
"C:\Users\chell\Documents\Sallie_Sovereign\_staging\conflicts\readme\readme_readme_readme.md.128.diff.txt","C:\Users\chell\Documents\Sallie_Sovereign\_staging\conflicts\package\readme_readme_readme_readme.md.128.diff.txt","8/31/2025 11:39:12 PM"
"C:\Users\chell\Documents\Sallie_Sovereign\_staging\conflicts\readme\readme_readme_readme.md.129.diff.txt","C:\Users\chell\Documents\Sallie_Sovereign\_staging\conflicts\package\readme_readme_readme_readme.md.129.diff.txt","8/31/2025 11:39:13 PM"
"C:\Users\chell\Documents\Sallie_Sovereign\_staging\conflicts\readme\readme_readme_readme.md.13.diff.txt","C:\Users\chell\Documents\Sallie_Sovereign\_staging\conflicts\package\readme_readme_readme_readme.md.13.diff.txt","8/31/2025 11:39:13 PM"
"C:\Users\chell\Documents\Sallie_Sovereign\_staging\conflicts\readme\readme_readme_readme.md.130.diff.txt","C:\Users\chell\Documents\Sallie_Sovereign\_staging\conflicts\package\readme_readme_readme_readme.md.130.diff.txt","8/31/2025 11:39:13 PM"
"C:\Users\chell\Documents\Sallie_Sovereign\_staging\conflicts\readme\readme_readme_readme.md.131.diff.txt","C:\Users\chell\Documents\Sallie_Sovereign\_staging\conflicts\package\readme_readme_readme_readme.md.131.diff.txt","8/31/2025 11:39:13 PM"
"C:\Users\chell\Documents\Sallie_Sovereign\_staging\conflicts\readme\readme_readme_readme.md.132.diff.txt","C:\Users\chell\Documents\Sallie_Sovereign\_staging\conflicts\package\readme_readme_readme_readme.md.132.diff.txt","8/31/2025 11:39:13 PM"
"C:\Users\chell\Documents\Sallie_Sovereign\_staging\conflicts\readme\readme_readme_readme.md.133.diff.txt","C:\Users\chell\Documents\Sallie_Sovereign\_staging\conflicts\package\readme_readme_readme_readme.md.133.diff.txt","8/31/2025 11:39:13 PM"
"C:\Users\chell\Documents\Sallie_Sovereign\_staging\conflicts\readme\readme_readme_readme.md.134.diff.txt","C:\Users\chell\Documents\Sallie_Sovereign\_staging\conflicts\package\readme_readme_readme_readme.md.134.diff.txt","8/31/2025 11:39:13 PM"
"C:\Users\chell\Documents\Sallie_Sovereign\_staging\conflicts\readme\readme_readme_readme.md.135.diff.txt","C:\Users\chell\Documents\Sallie_Sovereign\_staging\conflicts\package\readme_readme_readme_readme.md.135.diff.txt","8/31/2025 11:39:13 PM"
"C:\Users\chell\Documents\Sallie_Sovereign\_staging\conflicts\readme\readme_readme_readme.md.136.diff.txt","C:\Users\chell\Documents\Sallie_Sovereign\_staging\conflicts\package\readme_readme_readme_readme.md.136.diff.txt","8/31/2025 11:39:13 PM"
"C:\Users\chell\Documents\Sallie_Sovereign\_staging\conflicts\readme\readme_readme_readme.md.137.diff.txt","C:\Users\chell\Documents\Sallie_Sovereign\_staging\conflicts\package\readme_readme_readme_readme.md.137.diff.txt","8/31/2025 11:39:13 PM"
"C:\Users\chell\Documents\Sallie_Sovereign\_staging\conflicts\readme\readme_readme_readme.md.138.diff.txt","C:\Users\chell\Documents\Sallie_Sovereign\_staging\conflicts\package\readme_readme_readme_readme.md.138.diff.txt","8/31/2025 11:39:13 PM"
"C:\Users\chell\Documents\Sallie_Sovereign\_staging\conflicts\readme\readme_readme_readme.md.139.diff.txt","C:\Users\chell\Documents\Sallie_Sovereign\_staging\conflicts\package\readme_readme_readme_readme.md.139.diff.txt","8/31/2025 11:39:13 PM"
"C:\Users\chell\Documents\Sallie_Sovereign\_staging\conflicts\readme\readme_readme_readme.md.14.diff.txt","C:\Users\chell\Documents\Sallie_Sovereign\_staging\conflicts\package\readme_readme_readme_readme.md.14.diff.txt","8/31/2025 11:39:13 PM"
"C:\Users\chell\Documents\Sallie_Sovereign\_staging\conflicts\readme\readme_readme_readme.md.140.diff.txt","C:\Users\chell\Documents\Sallie_Sovereign\_staging\conflicts\package\readme_readme_readme_readme.md.140.diff.txt","8/31/2025 11:39:13 PM"
"C:\Users\chell\Documents\Sallie_Sovereign\_staging\conflicts\readme\readme_readme_readme.md.141.diff.txt","C:\Users\chell\Documents\Sallie_Sovereign\_staging\conflicts\package\readme_readme_readme_readme.md.141.diff.txt","8/31/2025 11:39:13 PM"
"C:\Users\chell\Documents\Sallie_Sovereign\_staging\conflicts\readme\readme_readme_readme.md.142.diff.txt","C:\Users\chell\Documents\Sallie_Sovereign\_staging\conflicts\package\readme_readme_readme_readme.md.142.diff.txt","8/31/2025 11:39:13 PM"
"C:\Users\chell\Documents\Sallie_Sovereign\_staging\conflicts\readme\readme_readme_readme.md.143.diff.txt","C:\Users\chell\Documents\Sallie_Sovereign\_staging\conflicts\package\readme_readme_readme_readme.md.143.diff.txt","8/31/2025 11:39:13 PM"
"C:\Users\chell\Documents\Sallie_Sovereign\_staging\conflicts\readme\readme_readme_readme.md.144.diff.txt","C:\Users\chell\Documents\Sallie_Sovereign\_staging\conflicts\package\readme_readme_readme_readme.md.144.diff.txt","8/31/2025 11:39:13 PM"
"C:\Users\chell\Documents\Sallie_Sovereign\_staging\conflicts\readme\readme_readme_readme.md.145.diff.txt","C:\Users\chell\Documents\Sallie_Sovereign\_staging\conflicts\package\readme_readme_readme_readme.md.145.diff.txt","8/31/2025 11:39:13 PM"
"C:\Users\chell\Documents\Sallie_Sovereign\_staging\conflicts\readme\readme_readme_readme.md.146.diff.txt","C:\Users\chell\Documents\Sallie_Sovereign\_staging\conflicts\package\readme_readme_readme_readme.md.146.diff.txt","8/31/2025 11:39:13 PM"
"C:\Users\chell\Documents\Sallie_Sovereign\_staging\conflicts\readme\readme_readme_readme.md.147.diff.txt","C:\Users\chell\Documents\Sallie_Sovereign\_staging\conflicts\package\readme_readme_readme_readme.md.147.diff.txt","8/31/2025 11:39:13 PM"
"C:\Users\chell\Documents\Sallie_Sovereign\_staging\conflicts\readme\readme_readme_readme.md.148.diff.txt","C:\Users\chell\Documents\Sallie_Sovereign\_staging\conflicts\package\readme_readme_readme_readme.md.148.diff.txt","8/31/2025 11:39:13 PM"
"C:\Users\chell\Documents\Sallie_Sovereign\_staging\conflicts\readme\readme_readme_readme.md.149.diff.txt","C:\Users\chell\Documents\Sallie_Sovereign\_staging\conflicts\package\readme_readme_readme_readme.md.149.diff.txt","8/31/2025 11:39:13 PM"
"C:\Users\chell\Documents\Sallie_Sovereign\_staging\conflicts\readme\readme_readme_readme.md.15.diff.txt","C:\Users\chell\Documents\Sallie_Sovereign\_staging\conflicts\package\readme_readme_readme_readme.md.15.diff.txt","8/31/2025 11:39:13 PM"
"C:\Users\chell\Documents\Sallie_Sovereign\_staging\conflicts\readme\readme_readme_readme.md.150.diff.txt","C:\Users\chell\Documents\Sallie_Sovereign\_staging\conflicts\package\readme_readme_readme_readme.md.150.diff.txt","8/31/2025 11:39:13 PM"
"C:\Users\chell\Documents\Sallie_Sovereign\_staging\conflicts\readme\readme_readme_readme.md.151.diff.txt","C:\Users\chell\Documents\Sallie_Sovereign\_staging\conflicts\package\readme_readme_readme_readme.md.151.diff.txt","8/31/2025 11:39:13 PM"
"C:\Users\chell\Documents\Sallie_Sovereign\_staging\conflicts\readme\readme_readme_readme.md.152.diff.txt","C:\Users\chell\Documents\Sallie_Sovereign\_staging\conflicts\package\readme_readme_readme_readme.md.152.diff.txt","8/31/2025 11:39:13 PM"
"C:\Users\chell\Documents\Sallie_Sovereign\_staging\conflicts\readme\readme_readme_readme.md.153.diff.txt","C:\Users\chell\Documents\Sallie_Sovereign\_staging\conflicts\package\readme_readme_readme_readme.md.153.diff.txt","8/31/2025 11:39:13 PM"
"C:\Users\chell\Documents\Sallie_Sovereign\_staging\conflicts\readme\readme_readme_readme.md.154.diff.txt","C:\Users\chell\Documents\Sallie_Sovereign\_staging\conflicts\package\readme_readme_readme_readme.md.154.diff.txt","8/31/2025 11:39:13 PM"
"C:\Users\chell\Documents\Sallie_Sovereign\_staging\conflicts\readme\readme_readme_readme.md.155.diff.txt","C:\Users\chell\Documents\Sallie_Sovereign\_staging\conflicts\package\readme_readme_readme_readme.md.155.diff.txt","8/31/2025 11:39:13 PM"
"C:\Users\chell\Documents\Sallie_Sovereign\_staging\conflicts\readme\readme_readme_readme.md.156.diff.txt","C:\Users\chell\Documents\Sallie_Sovereign\_staging\conflicts\package\readme_readme_readme_readme.md.156.diff.txt","8/31/2025 11:39:13 PM"
"C:\Users\chell\Documents\Sallie_Sovereign\_staging\conflicts\readme\readme_readme_readme.md.157.diff.txt","C:\Users\chell\Documents\Sallie_Sovereign\_staging\conflicts\package\readme_readme_readme_readme.md.157.diff.txt","8/31/2025 11:39:13 PM"
"C:\Users\chell\Documents\Sallie_Sovereign\_staging\conflicts\readme\readme_readme_readme.md.158.diff.txt","C:\Users\chell\Documents\Sallie_Sovereign\_staging\conflicts\package\readme_readme_readme_readme.md.158.diff.txt","8/31/2025 11:39:13 PM"
"C:\Users\chell\Documents\Sallie_Sovereign\_staging\conflicts\readme\readme_readme_readme.md.159.diff.txt","C:\Users\chell\Documents\Sallie_Sovereign\_staging\conflicts\package\readme_readme_readme_readme.md.159.diff.txt","8/31/2025 11:39:13 PM"
"C:\Users\chell\Documents\Sallie_Sovereign\_staging\conflicts\readme\readme_readme_readme.md.16.diff.txt","C:\Users\chell\Documents\Sallie_Sovereign\_staging\conflicts\package\readme_readme_readme_readme.md.16.diff.txt","8/31/2025 11:39:13 PM"
"C:\Users\chell\Documents\Sallie_Sovereign\_staging\conflicts\readme\readme_readme_readme.md.160.diff.txt","C:\Users\chell\Documents\Sallie_Sovereign\_staging\conflicts\package\readme_readme_readme_readme.md.160.diff.txt","8/31/2025 11:39:13 PM"
"C:\Users\chell\Documents\Sallie_Sovereign\_staging\conflicts\readme\readme_readme_readme.md.161.diff.txt","C:\Users\chell\Documents\Sallie_Sovereign\_staging\conflicts\package\readme_readme_readme_readme.md.161.diff.txt","8/31/2025 11:39:13 PM"
"C:\Users\chell\Documents\Sallie_Sovereign\_staging\conflicts\readme\readme_readme_readme.md.162.diff.txt","C:\Users\chell\Documents\Sallie_Sovereign\_staging\conflicts\package\readme_readme_readme_readme.md.162.diff.txt","8/31/2025 11:39:13 PM"
"C:\Users\chell\Documents\Sallie_Sovereign\_staging\conflicts\readme\readme_readme_readme.md.163.diff.txt","C:\Users\chell\Documents\Sallie_Sovereign\_staging\conflicts\package\readme_readme_readme_readme.md.163.diff.txt","8/31/2025 11:39:13 PM"
"C:\Users\chell\Documents\Sallie_Sovereign\_staging\conflicts\readme\readme_readme_readme.md.164.diff.txt","C:\Users\chell\Documents\Sallie_Sovereign\_staging\conflicts\package\readme_readme_readme_readme.md.164.diff.txt","8/31/2025 11:39:13 PM"
"C:\Users\chell\Documents\Sallie_Sovereign\_staging\conflicts\readme\readme_readme_readme.md.165.diff.txt","C:\Users\chell\Documents\Sallie_Sovereign\_staging\conflicts\package\readme_readme_readme_readme.md.165.diff.txt","8/31/2025 11:39:13 PM"
"C:\Users\chell\Documents\Sallie_Sovereign\_staging\conflicts\readme\readme_readme_readme.md.166.diff.txt","C:\Users\chell\Documents\Sallie_Sovereign\_staging\conflicts\package\readme_readme_readme_readme.md.166.diff.txt","8/31/2025 11:39:13 PM"
"C:\Users\chell\Documents\Sallie_Sovereign\_staging\conflicts\readme\readme_readme_readme.md.167.diff.txt","C:\Users\chell\Documents\Sallie_Sovereign\_staging\conflicts\package\readme_readme_readme_readme.md.167.diff.txt","8/31/2025 11:39:13 PM"
"C:\Users\chell\Documents\Sallie_Sovereign\_staging\conflicts\readme\readme_readme_readme.md.168.diff.txt","C:\Users\chell\Documents\Sallie_Sovereign\_staging\conflicts\package\readme_readme_readme_readme.md.168.diff.txt","8/31/2025 11:39:13 PM"
"C:\Users\chell\Documents\Sallie_Sovereign\_staging\conflicts\readme\readme_readme_readme.md.169.diff.txt","C:\Users\chell\Documents\Sallie_Sovereign\_staging\conflicts\package\readme_readme_readme_readme.md.169.diff.txt","8/31/2025 11:39:13 PM"
"C:\Users\chell\Documents\Sallie_Sovereign\_staging\conflicts\readme\readme_readme_readme.md.17.diff.txt","C:\Users\chell\Documents\Sallie_Sovereign\_staging\conflicts\package\readme_readme_readme_readme.md.17.diff.txt","8/31/2025 11:39:13 PM"
"C:\Users\chell\Documents\Sallie_Sovereign\_staging\conflicts\readme\readme_readme_readme.md.170.diff.txt","C:\Users\chell\Documents\Sallie_Sovereign\_staging\conflicts\package\readme_readme_readme_readme.md.170.diff.txt","8/31/2025 11:39:13 PM"
"C:\Users\chell\Documents\Sallie_Sovereign\_staging\conflicts\readme\readme_readme_readme.md.171.diff.txt","C:\Users\chell\Documents\Sallie_Sovereign\_staging\conflicts\package\readme_readme_readme_readme.md.171.diff.txt","8/31/2025 11:39:13 PM"
"C:\Users\chell\Documents\Sallie_Sovereign\_staging\conflicts\readme\readme_readme_readme.md.172.diff.txt","C:\Users\chell\Documents\Sallie_Sovereign\_staging\conflicts\package\readme_readme_readme_readme.md.172.diff.txt","8/31/2025 11:39:13 PM"
"C:\Users\chell\Documents\Sallie_Sovereign\_staging\conflicts\readme\readme_readme_readme.md.173.diff.txt","C:\Users\chell\Documents\Sallie_Sovereign\_staging\conflicts\package\readme_readme_readme_readme.md.173.diff.txt","8/31/2025 11:39:13 PM"
"C:\Users\chell\Documents\Sallie_Sovereign\_staging\conflicts\readme\readme_readme_readme.md.174.diff.txt","C:\Users\chell\Documents\Sallie_Sovereign\_staging\conflicts\package\readme_readme_readme_readme.md.174.diff.txt","8/31/2025 11:39:13 PM"
"C:\Users\chell\Documents\Sallie_Sovereign\_staging\conflicts\readme\readme_readme_readme.md.175.diff.txt","C:\Users\chell\Documents\Sallie_Sovereign\_staging\conflicts\package\readme_readme_readme_readme.md.175.diff.txt","8/31/2025 11:39:13 PM"
"C:\Users\chell\Documents\Sallie_Sovereign\_staging\conflicts\readme\readme_readme_readme.md.176.diff.txt","C:\Users\chell\Documents\Sallie_Sovereign\_staging\conflicts\package\readme_readme_readme_readme.md.176.diff.txt","8/31/2025 11:39:13 PM"
"C:\Users\chell\Documents\Sallie_Sovereign\_staging\conflicts\readme\readme_readme_readme.md.177.diff.txt","C:\Users\chell\Documents\Sallie_Sovereign\_staging\conflicts\package\readme_readme_readme_readme.md.177.diff.txt","8/31/2025 11:39:13 PM"
"C:\Users\chell\Documents\Sallie_Sovereign\_staging\conflicts\readme\readme_readme_readme.md.178.diff.txt","C:\Users\chell\Documents\Sallie_Sovereign\_staging\conflicts\package\readme_readme_readme_readme.md.178.diff.txt","8/31/2025 11:39:13 PM"
"C:\Users\chell\Documents\Sallie_Sovereign\_staging\conflicts\readme\readme_readme_readme.md.179.diff.txt","C:\Users\chell\Documents\Sallie_Sovereign\_staging\conflicts\package\readme_readme_readme_readme.md.179.diff.txt","8/31/2025 11:39:13 PM"
"C:\Users\chell\Documents\Sallie_Sovereign\_staging\conflicts\readme\readme_readme_readme.md.18.diff.txt","C:\Users\chell\Documents\Sallie_Sovereign\_staging\conflicts\package\readme_readme_readme_readme.md.18.diff.txt","8/31/2025 11:39:13 PM"
"C:\Users\chell\Documents\Sallie_Sovereign\_staging\conflicts\readme\readme_readme_readme.md.180.diff.txt","C:\Users\chell\Documents\Sallie_Sovereign\_staging\conflicts\package\readme_readme_readme_readme.md.180.diff.txt","8/31/2025 11:39:13 PM"
"C:\Users\chell\Documents\Sallie_Sovereign\_staging\conflicts\readme\readme_readme_readme.md.181.diff.txt","C:\Users\chell\Documents\Sallie_Sovereign\_staging\conflicts\package\readme_readme_readme_readme.md.181.diff.txt","8/31/2025 11:39:13 PM"
"C:\Users\chell\Documents\Sallie_Sovereign\_staging\conflicts\readme\readme_readme_readme.md.182.diff.txt","C:\Users\chell\Documents\Sallie_Sovereign\_staging\conflicts\package\readme_readme_readme_readme.md.182.diff.txt","8/31/2025 11:39:13 PM"
"C:\Users\chell\Documents\Sallie_Sovereign\_staging\conflicts\readme\readme_readme_readme.md.183.diff.txt","C:\Users\chell\Documents\Sallie_Sovereign\_staging\conflicts\package\readme_readme_readme_readme.md.183.diff.txt","8/31/2025 11:39:13 PM"
"C:\Users\chell\Documents\Sallie_Sovereign\_staging\conflicts\readme\readme_readme_readme.md.184.diff.txt","C:\Users\chell\Documents\Sallie_Sovereign\_staging\conflicts\package\readme_readme_readme_readme.md.184.diff.txt","8/31/2025 11:39:13 PM"
"C:\Users\chell\Documents\Sallie_Sovereign\_staging\conflicts\readme\readme_readme_readme.md.185.diff.txt","C:\Users\chell\Documents\Sallie_Sovereign\_staging\conflicts\package\readme_readme_readme_readme.md.185.diff.txt","8/31/2025 11:39:13 PM"
"C:\Users\chell\Documents\Sallie_Sovereign\_staging\conflicts\readme\readme_readme_readme.md.186.diff.txt","C:\Users\chell\Documents\Sallie_Sovereign\_staging\conflicts\package\readme_readme_readme_readme.md.186.diff.txt","8/31/2025 11:39:13 PM"
"C:\Users\chell\Documents\Sallie_Sovereign\_staging\conflicts\readme\readme_readme_readme.md.187.diff.txt","C:\Users\chell\Documents\Sallie_Sovereign\_staging\conflicts\package\readme_readme_readme_readme.md.187.diff.txt","8/31/2025 11:39:13 PM"
"C:\Users\chell\Documents\Sallie_Sovereign\_staging\conflicts\readme\readme_readme_readme.md.188.diff.txt","C:\Users\chell\Documents\Sallie_Sovereign\_staging\conflicts\package\readme_readme_readme_readme.md.188.diff.txt","8/31/2025 11:39:13 PM"
"C:\Users\chell\Documents\Sallie_Sovereign\_staging\conflicts\readme\readme_readme_readme.md.189.diff.txt","C:\Users\chell\Documents\Sallie_Sovereign\_staging\conflicts\package\readme_readme_readme_readme.md.189.diff.txt","8/31/2025 11:39:13 PM"
"C:\Users\chell\Documents\Sallie_Sovereign\_staging\conflicts\readme\readme_readme_readme.md.19.diff.txt","C:\Users\chell\Documents\Sallie_Sovereign\_staging\conflicts\package\readme_readme_readme_readme.md.19.diff.txt","8/31/2025 11:39:13 PM"
"C:\Users\chell\Documents\Sallie_Sovereign\_staging\conflicts\readme\readme_readme_readme.md.190.diff.txt","C:\Users\chell\Documents\Sallie_Sovereign\_staging\conflicts\package\readme_readme_readme_readme.md.190.diff.txt","8/31/2025 11:39:13 PM"
"C:\Users\chell\Documents\Sallie_Sovereign\_staging\conflicts\readme\readme_readme_readme.md.191.diff.txt","C:\Users\chell\Documents\Sallie_Sovereign\_staging\conflicts\package\readme_readme_readme_readme.md.191.diff.txt","8/31/2025 11:39:13 PM"
"C:\Users\chell\Documents\Sallie_Sovereign\_staging\conflicts\readme\readme_readme_readme.md.192.diff.txt","C:\Users\chell\Documents\Sallie_Sovereign\_staging\conflicts\package\readme_readme_readme_readme.md.192.diff.txt","8/31/2025 11:39:13 PM"
"C:\Users\chell\Documents\Sallie_Sovereign\_staging\conflicts\readme\readme_readme_readme.md.193.diff.txt","C:\Users\chell\Documents\Sallie_Sovereign\_staging\conflicts\package\readme_readme_readme_readme.md.193.diff.txt","8/31/2025 11:39:13 PM"
"C:\Users\chell\Documents\Sallie_Sovereign\_staging\conflicts\readme\readme_readme_readme.md.194.diff.txt","C:\Users\chell\Documents\Sallie_Sovereign\_staging\conflicts\package\readme_readme_readme_readme.md.194.diff.txt","8/31/2025 11:39:13 PM"
"C:\Users\chell\Documents\Sallie_Sovereign\_staging\conflicts\readme\readme_readme_readme.md.195.diff.txt","C:\Users\chell\Documents\Sallie_Sovereign\_staging\conflicts\package\readme_readme_readme_readme.md.195.diff.txt","8/31/2025 11:39:13 PM"
"C:\Users\chell\Documents\Sallie_Sovereign\_staging\conflicts\readme\readme_readme_readme.md.196.diff.txt","C:\Users\chell\Documents\Sallie_Sovereign\_staging\conflicts\package\readme_readme_readme_readme.md.196.diff.txt","8/31/2025 11:39:13 PM"
"C:\Users\chell\Documents\Sallie_Sovereign\_staging\conflicts\readme\readme_readme_readme.md.197.diff.txt","C:\Users\chell\Documents\Sallie_Sovereign\_staging\conflicts\package\readme_readme_readme_readme.md.197.diff.txt","8/31/2025 11:39:13 PM"
"C:\Users\chell\Documents\Sallie_Sovereign\_staging\conflicts\readme\readme_readme_readme.md.198.diff.txt","C:\Users\chell\Documents\Sallie_Sovereign\_staging\conflicts\package\readme_readme_readme_readme.md.198.diff.txt","8/31/2025 11:39:13 PM"
"C:\Users\chell\Documents\Sallie_Sovereign\_staging\conflicts\readme\readme_readme_readme.md.199.diff.txt","C:\Users\chell\Documents\Sallie_Sovereign\_staging\conflicts\package\readme_readme_readme_readme.md.199.diff.txt","8/31/2025 11:39:13 PM"
"C:\Users\chell\Documents\Sallie_Sovereign\_staging\conflicts\readme\readme_readme_readme.md.2.diff.txt","C:\Users\chell\Documents\Sallie_Sovereign\_staging\conflicts\package\readme_readme_readme_readme.md.2.diff.txt","8/31/2025 11:39:13 PM"
"C:\Users\chell\Documents\Sallie_Sovereign\_staging\conflicts\readme\readme_readme_readme.md.20.diff.txt","C:\Users\chell\Documents\Sallie_Sovereign\_staging\conflicts\package\readme_readme_readme_readme.md.20.diff.txt","8/31/2025 11:39:13 PM"
"C:\Users\chell\Documents\Sallie_Sovereign\_staging\conflicts\readme\readme_readme_readme.md.200.diff.txt","C:\Users\chell\Documents\Sallie_Sovereign\_staging\conflicts\package\readme_readme_readme_readme.md.200.diff.txt","8/31/2025 11:39:13 PM"
"C:\Users\chell\Documents\Sallie_Sovereign\_staging\conflicts\readme\readme_readme_readme.md.201.diff.txt","C:\Users\chell\Documents\Sallie_Sovereign\_staging\conflicts\package\readme_readme_readme_readme.md.201.diff.txt","8/31/2025 11:39:13 PM"
"C:\Users\chell\Documents\Sallie_Sovereign\_staging\conflicts\readme\readme_readme_readme.md.202.diff.txt","C:\Users\chell\Documents\Sallie_Sovereign\_staging\conflicts\package\readme_readme_readme_readme.md.202.diff.txt","8/31/2025 11:39:13 PM"
"C:\Users\chell\Documents\Sallie_Sovereign\_staging\conflicts\readme\readme_readme_readme.md.203.diff.txt","C:\Users\chell\Documents\Sallie_Sovereign\_staging\conflicts\package\readme_readme_readme_readme.md.203.diff.txt","8/31/2025 11:39:13 PM"
"C:\Users\chell\Documents\Sallie_Sovereign\_staging\conflicts\readme\readme_readme_readme.md.204.diff.txt","C:\Users\chell\Documents\Sallie_Sovereign\_staging\conflicts\package\readme_readme_readme_readme.md.204.diff.txt","8/31/2025 11:39:13 PM"
"C:\Users\chell\Documents\Sallie_Sovereign\_staging\conflicts\readme\readme_readme_readme.md.205.diff.txt","C:\Users\chell\Documents\Sallie_Sovereign\_staging\conflicts\package\readme_readme_readme_readme.md.205.diff.txt","8/31/2025 11:39:13 PM"
"C:\Users\chell\Documents\Sallie_Sovereign\_staging\conflicts\readme\readme_readme_readme.md.206.diff.txt","C:\Users\chell\Documents\Sallie_Sovereign\_staging\conflicts\package\readme_readme_readme_readme.md.206.diff.txt","8/31/2025 11:39:13 PM"
"C:\Users\chell\Documents\Sallie_Sovereign\_staging\conflicts\readme\readme_readme_readme.md.207.diff.txt","C:\Users\chell\Documents\Sallie_Sovereign\_staging\conflicts\package\readme_readme_readme_readme.md.207.diff.txt","8/31/2025 11:39:13 PM"
"C:\Users\chell\Documents\Sallie_Sovereign\_staging\conflicts\readme\readme_readme_readme.md.208.diff.txt","C:\Users\chell\Documents\Sallie_Sovereign\_staging\conflicts\package\readme_readme_readme_readme.md.208.diff.txt","8/31/2025 11:39:13 PM"
"C:\Users\chell\Documents\Sallie_Sovereign\_staging\conflicts\readme\readme_readme_readme.md.209.diff.txt","C:\Users\chell\Documents\Sallie_Sovereign\_staging\conflicts\package\readme_readme_readme_readme.md.209.diff.txt","8/31/2025 11:39:13 PM"
"C:\Users\chell\Documents\Sallie_Sovereign\_staging\conflicts\readme\readme_readme_readme.md.21.diff.txt","C:\Users\chell\Documents\Sallie_Sovereign\_staging\conflicts\package\readme_readme_readme_readme.md.21.diff.txt","8/31/2025 11:39:13 PM"
"C:\Users\chell\Documents\Sallie_Sovereign\_staging\conflicts\readme\readme_readme_readme.md.210.diff.txt","C:\Users\chell\Documents\Sallie_Sovereign\_staging\conflicts\package\readme_readme_readme_readme.md.210.diff.txt","8/31/2025 11:39:13 PM"
"C:\Users\chell\Documents\Sallie_Sovereign\_staging\conflicts\readme\readme_readme_readme.md.211.diff.txt","C:\Users\chell\Documents\Sallie_Sovereign\_staging\conflicts\package\readme_readme_readme_readme.md.211.diff.txt","8/31/2025 11:39:13 PM"
"C:\Users\chell\Documents\Sallie_Sovereign\_staging\conflicts\readme\readme_readme_readme.md.212.diff.txt","C:\Users\chell\Documents\Sallie_Sovereign\_staging\conflicts\package\readme_readme_readme_readme.md.212.diff.txt","8/31/2025 11:39:13 PM"
"C:\Users\chell\Documents\Sallie_Sovereign\_staging\conflicts\readme\readme_readme_readme.md.213.diff.txt","C:\Users\chell\Documents\Sallie_Sovereign\_staging\conflicts\package\readme_readme_readme_readme.md.213.diff.txt","8/31/2025 11:39:13 PM"
"C:\Users\chell\Documents\Sallie_Sovereign\_staging\conflicts\readme\readme_readme_readme.md.214.diff.txt","C:\Users\chell\Documents\Sallie_Sovereign\_staging\conflicts\package\readme_readme_readme_readme.md.214.diff.txt","8/31/2025 11:39:13 PM"
"C:\Users\chell\Documents\Sallie_Sovereign\_staging\conflicts\readme\readme_readme_readme.md.215.diff.txt","C:\Users\chell\Documents\Sallie_Sovereign\_staging\conflicts\package\readme_readme_readme_readme.md.215.diff.txt","8/31/2025 11:39:13 PM"
"C:\Users\chell\Documents\Sallie_Sovereign\_staging\conflicts\readme\readme_readme_readme.md.216.diff.txt","C:\Users\chell\Documents\Sallie_Sovereign\_staging\conflicts\package\readme_readme_readme_readme.md.216.diff.txt","8/31/2025 11:39:13 PM"
"C:\Users\chell\Documents\Sallie_Sovereign\_staging\conflicts\readme\readme_readme_readme.md.217.diff.txt","C:\Users\chell\Documents\Sallie_Sovereign\_staging\conflicts\package\readme_readme_readme_readme.md.217.diff.txt","8/31/2025 11:39:13 PM"
"C:\Users\chell\Documents\Sallie_Sovereign\_staging\conflicts\readme\readme_readme_readme.md.218.diff.txt","C:\Users\chell\Documents\Sallie_Sovereign\_staging\conflicts\package\readme_readme_readme_readme.md.218.diff.txt","8/31/2025 11:39:13 PM"
"C:\Users\chell\Documents\Sallie_Sovereign\_staging\conflicts\readme\readme_readme_readme.md.219.diff.txt","C:\Users\chell\Documents\Sallie_Sovereign\_staging\conflicts\package\readme_readme_readme_readme.md.219.diff.txt","8/31/2025 11:39:13 PM"
"C:\Users\chell\Documents\Sallie_Sovereign\_staging\conflicts\readme\readme_readme_readme.md.22.diff.txt","C:\Users\chell\Documents\Sallie_Sovereign\_staging\conflicts\package\readme_readme_readme_readme.md.22.diff.txt","8/31/2025 11:39:13 PM"
"C:\Users\chell\Documents\Sallie_Sovereign\_staging\conflicts\readme\readme_readme_readme.md.220.diff.txt","C:\Users\chell\Documents\Sallie_Sovereign\_staging\conflicts\package\readme_readme_readme_readme.md.220.diff.txt","8/31/2025 11:39:13 PM"
"C:\Users\chell\Documents\Sallie_Sovereign\_staging\conflicts\readme\readme_readme_readme.md.221.diff.txt","C:\Users\chell\Documents\Sallie_Sovereign\_staging\conflicts\package\readme_readme_readme_readme.md.221.diff.txt","8/31/2025 11:39:13 PM"
"C:\Users\chell\Documents\Sallie_Sovereign\_staging\conflicts\readme\readme_readme_readme.md.222.diff.txt","C:\Users\chell\Documents\Sallie_Sovereign\_staging\conflicts\package\readme_readme_readme_readme.md.222.diff.txt","8/31/2025 11:39:13 PM"
"C:\Users\chell\Documents\Sallie_Sovereign\_staging\conflicts\readme\readme_readme_readme.md.223.diff.txt","C:\Users\chell\Documents\Sallie_Sovereign\_staging\conflicts\package\readme_readme_readme_readme.md.223.diff.txt","8/31/2025 11:39:13 PM"
"C:\Users\chell\Documents\Sallie_Sovereign\_staging\conflicts\readme\readme_readme_readme.md.224.diff.txt","C:\Users\chell\Documents\Sallie_Sovereign\_staging\conflicts\package\readme_readme_readme_readme.md.224.diff.txt","8/31/2025 11:39:13 PM"
"C:\Users\chell\Documents\Sallie_Sovereign\_staging\conflicts\readme\readme_readme_readme.md.225.diff.txt","C:\Users\chell\Documents\Sallie_Sovereign\_staging\conflicts\package\readme_readme_readme_readme.md.225.diff.txt","8/31/2025 11:39:13 PM"
"C:\Users\chell\Documents\Sallie_Sovereign\_staging\conflicts\readme\readme_readme_readme.md.226.diff.txt","C:\Users\chell\Documents\Sallie_Sovereign\_staging\conflicts\package\readme_readme_readme_readme.md.226.diff.txt","8/31/2025 11:39:13 PM"
"C:\Users\chell\Documents\Sallie_Sovereign\_staging\conflicts\readme\readme_readme_readme.md.227.diff.txt","C:\Users\chell\Documents\Sallie_Sovereign\_staging\conflicts\package\readme_readme_readme_readme.md.227.diff.txt","8/31/2025 11:39:13 PM"
"C:\Users\chell\Documents\Sallie_Sovereign\_staging\conflicts\readme\readme_readme_readme.md.228.diff.txt","C:\Users\chell\Documents\Sallie_Sovereign\_staging\conflicts\package\readme_readme_readme_readme.md.228.diff.txt","8/31/2025 11:39:13 PM"
"C:\Users\chell\Documents\Sallie_Sovereign\_staging\conflicts\readme\readme_readme_readme.md.229.diff.txt","C:\Users\chell\Documents\Sallie_Sovereign\_staging\conflicts\package\readme_readme_readme_readme.md.229.diff.txt","8/31/2025 11:39:13 PM"
"C:\Users\chell\Documents\Sallie_Sovereign\_staging\conflicts\readme\readme_readme_readme.md.23.diff.txt","C:\Users\chell\Documents\Sallie_Sovereign\_staging\conflicts\package\readme_readme_readme_readme.md.23.diff.txt","8/31/2025 11:39:13 PM"
"C:\Users\chell\Documents\Sallie_Sovereign\_staging\conflicts\readme\readme_readme_readme.md.230.diff.txt","C:\Users\chell\Documents\Sallie_Sovereign\_staging\conflicts\package\readme_readme_readme_readme.md.230.diff.txt","8/31/2025 11:39:13 PM"
"C:\Users\chell\Documents\Sallie_Sovereign\_staging\conflicts\readme\readme_readme_readme.md.231.diff.txt","C:\Users\chell\Documents\Sallie_Sovereign\_staging\conflicts\package\readme_readme_readme_readme.md.231.diff.txt","8/31/2025 11:39:13 PM"
"C:\Users\chell\Documents\Sallie_Sovereign\_staging\conflicts\readme\readme_readme_readme.md.232.diff.txt","C:\Users\chell\Documents\Sallie_Sovereign\_staging\conflicts\package\readme_readme_readme_readme.md.232.diff.txt","8/31/2025 11:39:13 PM"
"C:\Users\chell\Documents\Sallie_Sovereign\_staging\conflicts\readme\readme_readme_readme.md.233.diff.txt","C:\Users\chell\Documents\Sallie_Sovereign\_staging\conflicts\package\readme_readme_readme_readme.md.233.diff.txt","8/31/2025 11:39:13 PM"
"C:\Users\chell\Documents\Sallie_Sovereign\_staging\conflicts\readme\readme_readme_readme.md.234.diff.txt","C:\Users\chell\Documents\Sallie_Sovereign\_staging\conflicts\package\readme_readme_readme_readme.md.234.diff.txt","8/31/2025 11:39:13 PM"
"C:\Users\chell\Documents\Sallie_Sovereign\_staging\conflicts\readme\readme_readme_readme.md.24.diff.txt","C:\Users\chell\Documents\Sallie_Sovereign\_staging\conflicts\package\readme_readme_readme_readme.md.24.diff.txt","8/31/2025 11:39:13 PM"
"C:\Users\chell\Documents\Sallie_Sovereign\_staging\conflicts\readme\readme_readme_readme.md.25.diff.txt","C:\Users\chell\Documents\Sallie_Sovereign\_staging\conflicts\package\readme_readme_readme_readme.md.25.diff.txt","8/31/2025 11:39:13 PM"
"C:\Users\chell\Documents\Sallie_Sovereign\_staging\conflicts\readme\readme_readme_readme.md.26.diff.txt","C:\Users\chell\Documents\Sallie_Sovereign\_staging\conflicts\package\readme_readme_readme_readme.md.26.diff.txt","8/31/2025 11:39:13 PM"
"C:\Users\chell\Documents\Sallie_Sovereign\_staging\conflicts\readme\readme_readme_readme.md.27.diff.txt","C:\Users\chell\Documents\Sallie_Sovereign\_staging\conflicts\package\readme_readme_readme_readme.md.27.diff.txt","8/31/2025 11:39:13 PM"
"C:\Users\chell\Documents\Sallie_Sovereign\_staging\conflicts\readme\readme_readme_readme.md.28.diff.txt","C:\Users\chell\Documents\Sallie_Sovereign\_staging\conflicts\package\readme_readme_readme_readme.md.28.diff.txt","8/31/2025 11:39:13 PM"
"C:\Users\chell\Documents\Sallie_Sovereign\_staging\conflicts\readme\readme_readme_readme.md.29.diff.txt","C:\Users\chell\Documents\Sallie_Sovereign\_staging\conflicts\package\readme_readme_readme_readme.md.29.diff.txt","8/31/2025 11:39:13 PM"
"C:\Users\chell\Documents\Sallie_Sovereign\_staging\conflicts\readme\readme_readme_readme.md.3.diff.txt","C:\Users\chell\Documents\Sallie_Sovereign\_staging\conflicts\package\readme_readme_readme_readme.md.3.diff.txt","8/31/2025 11:39:13 PM"
"C:\Users\chell\Documents\Sallie_Sovereign\_staging\conflicts\readme\readme_readme_readme.md.30.diff.txt","C:\Users\chell\Documents\Sallie_Sovereign\_staging\conflicts\package\readme_readme_readme_readme.md.30.diff.txt","8/31/2025 11:39:13 PM"
"C:\Users\chell\Documents\Sallie_Sovereign\_staging\conflicts\readme\readme_readme_readme.md.31.diff.txt","C:\Users\chell\Documents\Sallie_Sovereign\_staging\conflicts\package\readme_readme_readme_readme.md.31.diff.txt","8/31/2025 11:39:13 PM"
"C:\Users\chell\Documents\Sallie_Sovereign\_staging\conflicts\readme\readme_readme_readme.md.32.diff.txt","C:\Users\chell\Documents\Sallie_Sovereign\_staging\conflicts\package\readme_readme_readme_readme.md.32.diff.txt","8/31/2025 11:39:13 PM"
"C:\Users\chell\Documents\Sallie_Sovereign\_staging\conflicts\readme\readme_readme_readme.md.33.diff.txt","C:\Users\chell\Documents\Sallie_Sovereign\_staging\conflicts\package\readme_readme_readme_readme.md.33.diff.txt","8/31/2025 11:39:13 PM"
"C:\Users\chell\Documents\Sallie_Sovereign\_staging\conflicts\readme\readme_readme_readme.md.34.diff.txt","C:\Users\chell\Documents\Sallie_Sovereign\_staging\conflicts\package\readme_readme_readme_readme.md.34.diff.txt","8/31/2025 11:39:13 PM"
"C:\Users\chell\Documents\Sallie_Sovereign\_staging\conflicts\readme\readme_readme_readme.md.35.diff.txt","C:\Users\chell\Documents\Sallie_Sovereign\_staging\conflicts\package\readme_readme_readme_readme.md.35.diff.txt","8/31/2025 11:39:13 PM"
"C:\Users\chell\Documents\Sallie_Sovereign\_staging\conflicts\readme\readme_readme_readme.md.36.diff.txt","C:\Users\chell\Documents\Sallie_Sovereign\_staging\conflicts\package\readme_readme_readme_readme.md.36.diff.txt","8/31/2025 11:39:13 PM"
"C:\Users\chell\Documents\Sallie_Sovereign\_staging\conflicts\readme\readme_readme_readme.md.37.diff.txt","C:\Users\chell\Documents\Sallie_Sovereign\_staging\conflicts\package\readme_readme_readme_readme.md.37.diff.txt","8/31/2025 11:39:13 PM"
"C:\Users\chell\Documents\Sallie_Sovereign\_staging\conflicts\readme\readme_readme_readme.md.38.diff.txt","C:\Users\chell\Documents\Sallie_Sovereign\_staging\conflicts\package\readme_readme_readme_readme.md.38.diff.txt","8/31/2025 11:39:13 PM"
"C:\Users\chell\Documents\Sallie_Sovereign\_staging\conflicts\readme\readme_readme_readme.md.39.diff.txt","C:\Users\chell\Documents\Sallie_Sovereign\_staging\conflicts\package\readme_readme_readme_readme.md.39.diff.txt","8/31/2025 11:39:13 PM"
"C:\Users\chell\Documents\Sallie_Sovereign\_staging\conflicts\readme\readme_readme_readme.md.4.diff.txt","C:\Users\chell\Documents\Sallie_Sovereign\_staging\conflicts\package\readme_readme_readme_readme.md.4.diff.txt","8/31/2025 11:39:13 PM"
"C:\Users\chell\Documents\Sallie_Sovereign\_staging\conflicts\readme\readme_readme_readme.md.40.diff.txt","C:\Users\chell\Documents\Sallie_Sovereign\_staging\conflicts\package\readme_readme_readme_readme.md.40.diff.txt","8/31/2025 11:39:13 PM"
"C:\Users\chell\Documents\Sallie_Sovereign\_staging\conflicts\readme\readme_readme_readme.md.41.diff.txt","C:\Users\chell\Documents\Sallie_Sovereign\_staging\conflicts\package\readme_readme_readme_readme.md.41.diff.txt","8/31/2025 11:39:13 PM"
"C:\Users\chell\Documents\Sallie_Sovereign\_staging\conflicts\readme\readme_readme_readme.md.42.diff.txt","C:\Users\chell\Documents\Sallie_Sovereign\_staging\conflicts\package\readme_readme_readme_readme.md.42.diff.txt","8/31/2025 11:39:13 PM"
"C:\Users\chell\Documents\Sallie_Sovereign\_staging\conflicts\readme\readme_readme_readme.md.43.diff.txt","C:\Users\chell\Documents\Sallie_Sovereign\_staging\conflicts\package\readme_readme_readme_readme.md.43.diff.txt","8/31/2025 11:39:13 PM"
"C:\Users\chell\Documents\Sallie_Sovereign\_staging\conflicts\readme\readme_readme_readme.md.44.diff.txt","C:\Users\chell\Documents\Sallie_Sovereign\_staging\conflicts\package\readme_readme_readme_readme.md.44.diff.txt","8/31/2025 11:39:13 PM"
"C:\Users\chell\Documents\Sallie_Sovereign\_staging\conflicts\readme\readme_readme_readme.md.45.diff.txt","C:\Users\chell\Documents\Sallie_Sovereign\_staging\conflicts\package\readme_readme_readme_readme.md.45.diff.txt","8/31/2025 11:39:13 PM"
"C:\Users\chell\Documents\Sallie_Sovereign\_staging\conflicts\readme\readme_readme_readme.md.46.diff.txt","C:\Users\chell\Documents\Sallie_Sovereign\_staging\conflicts\package\readme_readme_readme_readme.md.46.diff.txt","8/31/2025 11:39:13 PM"
"C:\Users\chell\Documents\Sallie_Sovereign\_staging\conflicts\readme\readme_readme_readme.md.47.diff.txt","C:\Users\chell\Documents\Sallie_Sovereign\_staging\conflicts\package\readme_readme_readme_readme.md.47.diff.txt","8/31/2025 11:39:13 PM"
"C:\Users\chell\Documents\Sallie_Sovereign\_staging\conflicts\readme\readme_readme_readme.md.48.diff.txt","C:\Users\chell\Documents\Sallie_Sovereign\_staging\conflicts\package\readme_readme_readme_readme.md.48.diff.txt","8/31/2025 11:39:13 PM"
"C:\Users\chell\Documents\Sallie_Sovereign\_staging\conflicts\readme\readme_readme_readme.md.49.diff.txt","C:\Users\chell\Documents\Sallie_Sovereign\_staging\conflicts\package\readme_readme_readme_readme.md.49.diff.txt","8/31/2025 11:39:13 PM"
"C:\Users\chell\Documents\Sallie_Sovereign\_staging\conflicts\readme\readme_readme_readme.md.5.diff.txt","C:\Users\chell\Documents\Sallie_Sovereign\_staging\conflicts\package\readme_readme_readme_readme.md.5.diff.txt","8/31/2025 11:39:13 PM"
"C:\Users\chell\Documents\Sallie_Sovereign\_staging\conflicts\readme\readme_readme_readme.md.50.diff.txt","C:\Users\chell\Documents\Sallie_Sovereign\_staging\conflicts\package\readme_readme_readme_readme.md.50.diff.txt","8/31/2025 11:39:13 PM"
"C:\Users\chell\Documents\Sallie_Sovereign\_staging\conflicts\readme\readme_readme_readme.md.51.diff.txt","C:\Users\chell\Documents\Sallie_Sovereign\_staging\conflicts\package\readme_readme_readme_readme.md.51.diff.txt","8/31/2025 11:39:13 PM"
"C:\Users\chell\Documents\Sallie_Sovereign\_staging\conflicts\readme\readme_readme_readme.md.52.diff.txt","C:\Users\chell\Documents\Sallie_Sovereign\_staging\conflicts\package\readme_readme_readme_readme.md.52.diff.txt","8/31/2025 11:39:13 PM"
"C:\Users\chell\Documents\Sallie_Sovereign\_staging\conflicts\readme\readme_readme_readme.md.53.diff.txt","C:\Users\chell\Documents\Sallie_Sovereign\_staging\conflicts\package\readme_readme_readme_readme.md.53.diff.txt","8/31/2025 11:39:13 PM"
"C:\Users\chell\Documents\Sallie_Sovereign\_staging\conflicts\readme\readme_readme_readme.md.54.diff.txt","C:\Users\chell\Documents\Sallie_Sovereign\_staging\conflicts\package\readme_readme_readme_readme.md.54.diff.txt","8/31/2025 11:39:13 PM"
"C:\Users\chell\Documents\Sallie_Sovereign\_staging\conflicts\readme\readme_readme_readme.md.55.diff.txt","C:\Users\chell\Documents\Sallie_Sovereign\_staging\conflicts\package\readme_readme_readme_readme.md.55.diff.txt","8/31/2025 11:39:13 PM"
"C:\Users\chell\Documents\Sallie_Sovereign\_staging\conflicts\readme\readme_readme_readme.md.56.diff.txt","C:\Users\chell\Documents\Sallie_Sovereign\_staging\conflicts\package\readme_readme_readme_readme.md.56.diff.txt","8/31/2025 11:39:13 PM"
"C:\Users\chell\Documents\Sallie_Sovereign\_staging\conflicts\readme\readme_readme_readme.md.57.diff.txt","C:\Users\chell\Documents\Sallie_Sovereign\_staging\conflicts\package\readme_readme_readme_readme.md.57.diff.txt","8/31/2025 11:39:13 PM"
"C:\Users\chell\Documents\Sallie_Sovereign\_staging\conflicts\readme\readme_readme_readme.md.58.diff.txt","C:\Users\chell\Documents\Sallie_Sovereign\_staging\conflicts\package\readme_readme_readme_readme.md.58.diff.txt","8/31/2025 11:39:13 PM"
"C:\Users\chell\Documents\Sallie_Sovereign\_staging\conflicts\readme\readme_readme_readme.md.59.diff.txt","C:\Users\chell\Documents\Sallie_Sovereign\_staging\conflicts\package\readme_readme_readme_readme.md.59.diff.txt","8/31/2025 11:39:13 PM"
"C:\Users\chell\Documents\Sallie_Sovereign\_staging\conflicts\readme\readme_readme_readme.md.6.diff.txt","C:\Users\chell\Documents\Sallie_Sovereign\_staging\conflicts\package\readme_readme_readme_readme.md.6.diff.txt","8/31/2025 11:39:13 PM"
"C:\Users\chell\Documents\Sallie_Sovereign\_staging\conflicts\readme\readme_readme_readme.md.60.diff.txt","C:\Users\chell\Documents\Sallie_Sovereign\_staging\conflicts\package\readme_readme_readme_readme.md.60.diff.txt","8/31/2025 11:39:13 PM"
"C:\Users\chell\Documents\Sallie_Sovereign\_staging\conflicts\readme\readme_readme_readme.md.61.diff.txt","C:\Users\chell\Documents\Sallie_Sovereign\_staging\conflicts\package\readme_readme_readme_readme.md.61.diff.txt","8/31/2025 11:39:13 PM"
"C:\Users\chell\Documents\Sallie_Sovereign\_staging\conflicts\readme\readme_readme_readme.md.62.diff.txt","C:\Users\chell\Documents\Sallie_Sovereign\_staging\conflicts\package\readme_readme_readme_readme.md.62.diff.txt","8/31/2025 11:39:13 PM"
"C:\Users\chell\Documents\Sallie_Sovereign\_staging\conflicts\readme\readme_readme_readme.md.63.diff.txt","C:\Users\chell\Documents\Sallie_Sovereign\_staging\conflicts\package\readme_readme_readme_readme.md.63.diff.txt","8/31/2025 11:39:13 PM"
"C:\Users\chell\Documents\Sallie_Sovereign\_staging\conflicts\readme\readme_readme_readme.md.64.diff.txt","C:\Users\chell\Documents\Sallie_Sovereign\_staging\conflicts\package\readme_readme_readme_readme.md.64.diff.txt","8/31/2025 11:39:13 PM"
"C:\Users\chell\Documents\Sallie_Sovereign\_staging\conflicts\readme\readme_readme_readme.md.65.diff.txt","C:\Users\chell\Documents\Sallie_Sovereign\_staging\conflicts\package\readme_readme_readme_readme.md.65.diff.txt","8/31/2025 11:39:13 PM"
"C:\Users\chell\Documents\Sallie_Sovereign\_staging\conflicts\readme\readme_readme_readme.md.66.diff.txt","C:\Users\chell\Documents\Sallie_Sovereign\_staging\conflicts\package\readme_readme_readme_readme.md.66.diff.txt","8/31/2025 11:39:13 PM"
"C:\Users\chell\Documents\Sallie_Sovereign\_staging\conflicts\readme\readme_readme_readme.md.67.diff.txt","C:\Users\chell\Documents\Sallie_Sovereign\_staging\conflicts\package\readme_readme_readme_readme.md.67.diff.txt","8/31/2025 11:39:13 PM"
"C:\Users\chell\Documents\Sallie_Sovereign\_staging\conflicts\readme\readme_readme_readme.md.68.diff.txt","C:\Users\chell\Documents\Sallie_Sovereign\_staging\conflicts\package\readme_readme_readme_readme.md.68.diff.txt","8/31/2025 11:39:13 PM"
"C:\Users\chell\Documents\Sallie_Sovereign\_staging\conflicts\readme\readme_readme_readme.md.69.diff.txt","C:\Users\chell\Documents\Sallie_Sovereign\_staging\conflicts\package\readme_readme_readme_readme.md.69.diff.txt","8/31/2025 11:39:13 PM"
"C:\Users\chell\Documents\Sallie_Sovereign\_staging\conflicts\readme\readme_readme_readme.md.7.diff.txt","C:\Users\chell\Documents\Sallie_Sovereign\_staging\conflicts\package\readme_readme_readme_readme.md.7.diff.txt","8/31/2025 11:39:13 PM"
"C:\Users\chell\Documents\Sallie_Sovereign\_staging\conflicts\readme\readme_readme_readme.md.70.diff.txt","C:\Users\chell\Documents\Sallie_Sovereign\_staging\conflicts\package\readme_readme_readme_readme.md.70.diff.txt","8/31/2025 11:39:13 PM"
"C:\Users\chell\Documents\Sallie_Sovereign\_staging\conflicts\readme\readme_readme_readme.md.71.diff.txt","C:\Users\chell\Documents\Sallie_Sovereign\_staging\conflicts\package\readme_readme_readme_readme.md.71.diff.txt","8/31/2025 11:39:13 PM"
"C:\Users\chell\Documents\Sallie_Sovereign\_staging\conflicts\readme\readme_readme_readme.md.72.diff.txt","C:\Users\chell\Documents\Sallie_Sovereign\_staging\conflicts\package\readme_readme_readme_readme.md.72.diff.txt","8/31/2025 11:39:14 PM"
"C:\Users\chell\Documents\Sallie_Sovereign\_staging\conflicts\readme\readme_readme_readme.md.73.diff.txt","C:\Users\chell\Documents\Sallie_Sovereign\_staging\conflicts\package\readme_readme_readme_readme.md.73.diff.txt","8/31/2025 11:39:14 PM"
"C:\Users\chell\Documents\Sallie_Sovereign\_staging\conflicts\readme\readme_readme_readme.md.74.diff.txt","C:\Users\chell\Documents\Sallie_Sovereign\_staging\conflicts\package\readme_readme_readme_readme.md.74.diff.txt","8/31/2025 11:39:14 PM"
"C:\Users\chell\Documents\Sallie_Sovereign\_staging\conflicts\readme\readme_readme_readme.md.75.diff.txt","C:\Users\chell\Documents\Sallie_Sovereign\_staging\conflicts\package\readme_readme_readme_readme.md.75.diff.txt","8/31/2025 11:39:14 PM"
"C:\Users\chell\Documents\Sallie_Sovereign\_staging\conflicts\readme\readme_readme_readme.md.76.diff.txt","C:\Users\chell\Documents\Sallie_Sovereign\_staging\conflicts\package\readme_readme_readme_readme.md.76.diff.txt","8/31/2025 11:39:14 PM"
"C:\Users\chell\Documents\Sallie_Sovereign\_staging\conflicts\readme\readme_readme_readme.md.77.diff.txt","C:\Users\chell\Documents\Sallie_Sovereign\_staging\conflicts\package\readme_readme_readme_readme.md.77.diff.txt","8/31/2025 11:39:14 PM"
"C:\Users\chell\Documents\Sallie_Sovereign\_staging\conflicts\readme\readme_readme_readme.md.78.diff.txt","C:\Users\chell\Documents\Sallie_Sovereign\_staging\conflicts\package\readme_readme_readme_readme.md.78.diff.txt","8/31/2025 11:39:14 PM"
"C:\Users\chell\Documents\Sallie_Sovereign\_staging\conflicts\readme\readme_readme_readme.md.79.diff.txt","C:\Users\chell\Documents\Sallie_Sovereign\_staging\conflicts\package\readme_readme_readme_readme.md.79.diff.txt","8/31/2025 11:39:14 PM"
"C:\Users\chell\Documents\Sallie_Sovereign\_staging\conflicts\readme\readme_readme_readme.md.8.diff.txt","C:\Users\chell\Documents\Sallie_Sovereign\_staging\conflicts\package\readme_readme_readme_readme.md.8.diff.txt","8/31/2025 11:39:14 PM"
"C:\Users\chell\Documents\Sallie_Sovereign\_staging\conflicts\readme\readme_readme_readme.md.80.diff.txt","C:\Users\chell\Documents\Sallie_Sovereign\_staging\conflicts\package\readme_readme_readme_readme.md.80.diff.txt","8/31/2025 11:39:14 PM"
"C:\Users\chell\Documents\Sallie_Sovereign\_staging\conflicts\readme\readme_readme_readme.md.81.diff.txt","C:\Users\chell\Documents\Sallie_Sovereign\_staging\conflicts\package\readme_readme_readme_readme.md.81.diff.txt","8/31/2025 11:39:14 PM"
"C:\Users\chell\Documents\Sallie_Sovereign\_staging\conflicts\readme\readme_readme_readme.md.82.diff.txt","C:\Users\chell\Documents\Sallie_Sovereign\_staging\conflicts\package\readme_readme_readme_readme.md.82.diff.txt","8/31/2025 11:39:14 PM"
"C:\Users\chell\Documents\Sallie_Sovereign\_staging\conflicts\readme\readme_readme_readme.md.83.diff.txt","C:\Users\chell\Documents\Sallie_Sovereign\_staging\conflicts\package\readme_readme_readme_readme.md.83.diff.txt","8/31/2025 11:39:14 PM"
"C:\Users\chell\Documents\Sallie_Sovereign\_staging\conflicts\readme\readme_readme_readme.md.84.diff.txt","C:\Users\chell\Documents\Sallie_Sovereign\_staging\conflicts\package\readme_readme_readme_readme.md.84.diff.txt","8/31/2025 11:39:14 PM"
"C:\Users\chell\Documents\Sallie_Sovereign\_staging\conflicts\readme\readme_readme_readme.md.85.diff.txt","C:\Users\chell\Documents\Sallie_Sovereign\_staging\conflicts\package\readme_readme_readme_readme.md.85.diff.txt","8/31/2025 11:39:14 PM"
"C:\Users\chell\Documents\Sallie_Sovereign\_staging\conflicts\readme\readme_readme_readme.md.86.diff.txt","C:\Users\chell\Documents\Sallie_Sovereign\_staging\conflicts\package\readme_readme_readme_readme.md.86.diff.txt","8/31/2025 11:39:14 PM"
"C:\Users\chell\Documents\Sallie_Sovereign\_staging\conflicts\readme\readme_readme_readme.md.87.diff.txt","C:\Users\chell\Documents\Sallie_Sovereign\_staging\conflicts\package\readme_readme_readme_readme.md.87.diff.txt","8/31/2025 11:39:14 PM"
"C:\Users\chell\Documents\Sallie_Sovereign\_staging\conflicts\readme\readme_readme_readme.md.88.diff.txt","C:\Users\chell\Documents\Sallie_Sovereign\_staging\conflicts\package\readme_readme_readme_readme.md.88.diff.txt","8/31/2025 11:39:14 PM"
"C:\Users\chell\Documents\Sallie_Sovereign\_staging\conflicts\readme\readme_readme_readme.md.89.diff.txt","C:\Users\chell\Documents\Sallie_Sovereign\_staging\conflicts\package\readme_readme_readme_readme.md.89.diff.txt","8/31/2025 11:39:14 PM"
"C:\Users\chell\Documents\Sallie_Sovereign\_staging\conflicts\readme\readme_readme_readme.md.9.diff.txt","C:\Users\chell\Documents\Sallie_Sovereign\_staging\conflicts\package\readme_readme_readme_readme.md.9.diff.txt","8/31/2025 11:39:14 PM"
"C:\Users\chell\Documents\Sallie_Sovereign\_staging\conflicts\readme\readme_readme_readme.md.90.diff.txt","C:\Users\chell\Documents\Sallie_Sovereign\_staging\conflicts\package\readme_readme_readme_readme.md.90.diff.txt","8/31/2025 11:39:14 PM"
"C:\Users\chell\Documents\Sallie_Sovereign\_staging\conflicts\readme\readme_readme_readme.md.91.diff.txt","C:\Users\chell\Documents\Sallie_Sovereign\_staging\conflicts\package\readme_readme_readme_readme.md.91.diff.txt","8/31/2025 11:39:14 PM"
"C:\Users\chell\Documents\Sallie_Sovereign\_staging\conflicts\readme\readme_readme_readme.md.92.diff.txt","C:\Users\chell\Documents\Sallie_Sovereign\_staging\conflicts\package\readme_readme_readme_readme.md.92.diff.txt","8/31/2025 11:39:14 PM"
"C:\Users\chell\Documents\Sallie_Sovereign\_staging\conflicts\readme\readme_readme_readme.md.93.diff.txt","C:\Users\chell\Documents\Sallie_Sovereign\_staging\conflicts\package\readme_readme_readme_readme.md.93.diff.txt","8/31/2025 11:39:14 PM"
"C:\Users\chell\Documents\Sallie_Sovereign\_staging\conflicts\readme\readme_readme_readme.md.94.diff.txt","C:\Users\chell\Documents\Sallie_Sovereign\_staging\conflicts\package\readme_readme_readme_readme.md.94.diff.txt","8/31/2025 11:39:14 PM"
"C:\Users\chell\Documents\Sallie_Sovereign\_staging\conflicts\readme\readme_readme_readme.md.95.diff.txt","C:\Users\chell\Documents\Sallie_Sovereign\_staging\conflicts\package\readme_readme_readme_readme.md.95.diff.txt","8/31/2025 11:39:14 PM"
"C:\Users\chell\Documents\Sallie_Sovereign\_staging\conflicts\readme\readme_readme_readme.md.96.diff.txt","C:\Users\chell\Documents\Sallie_Sovereign\_staging\conflicts\package\readme_readme_readme_readme.md.96.diff.txt","8/31/2025 11:39:14 PM"
"C:\Users\chell\Documents\Sallie_Sovereign\_staging\conflicts\readme\readme_readme_readme.md.97.diff.txt","C:\Users\chell\Documents\Sallie_Sovereign\_staging\conflicts\package\readme_readme_readme_readme.md.97.diff.txt","8/31/2025 11:39:14 PM"
"C:\Users\chell\Documents\Sallie_Sovereign\_staging\conflicts\readme\readme_readme_readme.md.98.diff.txt","C:\Users\chell\Documents\Sallie_Sovereign\_staging\conflicts\package\readme_readme_readme_readme.md.98.diff.txt","8/31/2025 11:39:14 PM"
"C:\Users\chell\Documents\Sallie_Sovereign\_staging\conflicts\readme\readme_readme_readme.md.99.diff.txt","C:\Users\chell\Documents\Sallie_Sovereign\_staging\conflicts\package\readme_readme_readme_readme.md.99.diff.txt","8/31/2025 11:39:14 PM"
"C:\Users\chell\Documents\Sallie_Sovereign\_staging\conflicts\readme\readme_readme_README.txt.1.diff.txt","C:\Users\chell\Documents\Sallie_Sovereign\_staging\conflicts\package\readme_readme_readme_README.txt.1.diff.txt","8/31/2025 11:39:14 PM"
